,max_prec,mean_prec,min_prec,month,year
0,4.924854278564453,0.8377120670765306,0.0,1,2012
1,10.115154266357422,0.8854003586064962,0.0,1,2012
2,11.539037704467773,0.8954198319027338,0.0,1,2012
3,6.139046669006348,0.8406565886726384,0.0,1,2012
4,16.261489868164062,0.9418115537357996,0.0,1,2012
5,17.40043830871582,1.1710468037221815,0.0,1,2012
6,3.8376917839050293,0.8362026588904292,0.0,2,2012
7,4.598628997802734,0.9032785685408076,0.0,2,2012
8,4.533889293670654,0.8909621434660585,0.0,2,2012
9,14.092069625854492,1.0946753204182589,0.0,2,2012
10,8.8130464553833,1.0118837809122962,0.0,2,2012
11,12.545549392700195,1.3545945398905346,0.0,2,2012
12,55.622337341308594,4.290643146591153,0.0,3,2012
13,23.95069122314453,2.015927465907535,0.0,3,2012
14,9.6202392578125,1.550643147223803,0.0,3,2012
15,25.59803581237793,2.1088350625760235,0.0,3,2012
16,77.21644592285156,5.052612780775992,0.0,3,2012
17,78.34918975830078,8.050276922597138,0.03571435064077377,3,2012
18,133.7244873046875,14.168382605670452,0.0,4,2012
19,99.06979370117188,10.813918788944422,0.0,4,2012
20,101.6615982055664,16.96867030864415,0.0,4,2012
21,111.35374450683594,18.679899590290407,0.0012237865012139082,4,2012
22,167.9857940673828,22.968271958396635,0.19481727480888367,4,2012
23,53.26819610595703,12.240210130869311,0.4769456684589386,4,2012
24,73.33816528320312,10.791303969527004,0.26987722516059875,5,2012
25,102.47834014892578,21.510873096948785,0.14973467588424683,5,2012
26,129.1702117919922,17.574557186794408,0.003833021270111203,5,2012
27,87.83290100097656,15.704232219036056,0.0,5,2012
28,92.12454223632812,16.71738549804322,0.0,5,2012
29,92.5457763671875,10.459824433713504,0.0,5,2012
30,74.2603530883789,10.536500364195737,0.0,6,2012
31,88.00569915771484,13.36669497034106,0.0,6,2012
32,131.7266845703125,9.794114460658232,0.0,6,2012
33,82.55682373046875,13.020211646947631,0.0,6,2012
34,114.51595306396484,20.61080236951867,0.0,6,2012
35,64.90547180175781,13.85054365933379,0.0,6,2012
36,122.67993927001953,23.430794476347863,0.0,7,2012
37,99.54731750488281,19.62739483157742,0.0,7,2012
38,148.0680389404297,22.208162533709572,0.0,7,2012
39,127.77604675292969,23.89779108335648,0.0,7,2012
40,129.37850952148438,30.289313493040254,0.0,7,2012
41,142.1041717529297,30.587326979431428,0.0,7,2012
42,125.87564849853516,26.59698461018099,0.0,8,2012
43,126.49952697753906,25.930086093784634,0.0,8,2012
44,103.35267639160156,24.061453792049722,0.0,8,2012
45,102.22686004638672,20.63716939412492,0.0,8,2012
46,114.40103912353516,23.350092732875396,0.015207352116703987,8,2012
47,149.16494750976562,30.315384263128358,0.029966257512569427,8,2012
48,97.75099182128906,21.805133366231868,0.0,9,2012
49,81.9443359375,16.330216232956797,0.0,9,2012
50,95.38606262207031,20.204278138445037,0.0,9,2012
51,76.95125579833984,13.7879202499164,0.0,9,2012
52,82.9325180053711,14.565694690426879,0.0,9,2012
53,87.89945220947266,17.247888330484635,0.0,9,2012
54,76.67658996582031,8.427302631308706,0.008603394962847233,10,2012
55,45.84030532836914,5.683082392059162,0.0,10,2012
56,101.90470123291016,8.893685028487583,0.0,10,2012
57,58.54339599609375,4.399206225625949,0.0,10,2012
58,83.96575164794922,11.665071770220754,0.0,10,2012
59,104.4185562133789,22.28319990220179,0.0,10,2012
60,121.38123321533203,9.35339202144403,0.18519312143325806,11,2012
61,58.771324157714844,7.5293767203868995,0.1849612295627594,11,2012
62,95.0050048828125,8.452532031729726,0.019363515079021454,11,2012
63,73.5934066772461,6.891804728993088,0.0,11,2012
64,43.40221405029297,2.209464110286743,0.0,11,2012
65,54.70915222167969,3.040851468394985,0.0,11,2012
66,16.770824432373047,1.6520530906599726,0.06079201400279999,12,2012
67,39.954471588134766,2.224555324560993,0.013815456070005894,12,2012
68,7.654775142669678,0.8926806246195799,0.0,12,2012
69,67.04011535644531,3.151918847952465,0.0,12,2012
70,44.466339111328125,2.3292206236368336,0.0,12,2012
71,25.589324951171875,1.418231948766078,0.0,12,2012
72,11.85295295715332,1.1301596347524676,0.0,1,2013
73,42.5663948059082,3.8083071048061754,0.0,1,2013
74,27.905046463012695,1.9886043990141489,0.0,1,2013
75,5.869557857513428,1.0364482756657376,0.0,1,2013
76,8.694199562072754,1.0467987047875045,0.0,1,2013
77,15.889904975891113,1.7387625389018815,0.0,1,2013
78,34.01778030395508,2.211703406624447,0.0,2,2013
79,27.41391372680664,1.8653960294189378,0.0,2,2013
80,20.99074935913086,1.2529462871517114,0.0,2,2013
81,17.397884368896484,1.2704198327971576,0.0,2,2013
82,11.59146499633789,1.1611383138035614,0.0,2,2013
83,4.78990364074707,0.6951793425779976,0.0,2,2013
84,30.87335968017578,2.224961912330595,0.0,3,2013
85,40.680423736572266,3.273641296330842,0.0,3,2013
86,69.2408218383789,5.98193702391573,0.0,3,2013
87,73.38178253173828,10.737868169492609,0.0,3,2013
88,86.37120819091797,16.50873676728266,0.0,3,2013
89,159.9970245361328,21.48505722504446,0.035317178815603256,3,2013
90,106.93821716308594,25.28363372993182,0.0,4,2013
91,143.65924072265625,19.120342686330858,0.0,4,2013
92,112.5962905883789,17.443249339613132,0.0,4,2013
93,77.633544921875,12.079145775940516,0.0014613200910389423,4,2013
94,94.86467742919922,21.422851866506132,0.21484050154685974,4,2013
95,92.2278823852539,14.729222903520466,0.2287636548280716,4,2013
96,140.76214599609375,21.88631221424178,0.6405272483825684,5,2013
97,94.71615600585938,16.828326434868927,0.17431806027889252,5,2013
98,164.53086853027344,16.9456776632873,0.0019758224952965975,5,2013
99,113.01126098632812,9.299304002741478,0.0,5,2013
100,110.4544677734375,13.512391490022322,0.0,5,2013
101,84.75820922851562,15.176613016694233,0.0,5,2013
102,96.34783172607422,10.53792262847717,0.0,6,2013
103,84.6476058959961,9.520241299454652,0.0,6,2013
104,105.96366882324219,14.915123677346763,0.0,6,2013
105,123.36393737792969,17.339893277194673,0.0,6,2013
106,79.99897766113281,12.545463405569425,0.0,6,2013
107,101.9488296508789,12.96062623776389,0.0,6,2013
108,124.24273681640625,22.176911545685478,0.0,7,2013
109,127.49095916748047,19.902407102183606,0.0,7,2013
110,120.50414276123047,22.082053547492304,0.0,7,2013
111,133.77301025390625,21.935566296665236,0.0,7,2013
112,161.30294799804688,28.26484599739007,0.0,7,2013
113,139.21871948242188,31.94500034047289,0.0,7,2013
114,104.43277740478516,21.74772914446246,0.0,8,2013
115,98.12577819824219,17.391948539549023,0.0,8,2013
116,118.02458190917969,24.323174979184106,0.0,8,2013
117,110.31848907470703,26.555594783739433,0.0,8,2013
118,105.37068176269531,20.814810170561437,0.0155164310708642,8,2013
119,117.76058197021484,24.473520404114147,0.03198079764842987,8,2013
120,88.53952026367188,20.33777188922307,0.0,9,2013
121,96.43560791015625,16.139665538997292,0.0,9,2013
122,75.23928833007812,13.833341912573562,0.0,9,2013
123,85.1024398803711,12.639601424893455,0.0,9,2013
124,68.34974670410156,9.522381829922342,0.0,9,2013
125,74.61128234863281,14.11606948716809,0.0,9,2013
126,98.40345001220703,22.19673430517035,0.10788127034902573,10,2013
127,145.67959594726562,31.783760023955065,0.0,10,2013
128,87.5321044921875,15.613164797462789,0.0,10,2013
129,70.62874603271484,8.098135958344837,0.0,10,2013
130,78.82234191894531,12.620193729496636,0.0,10,2013
131,35.453369140625,5.560520798940424,0.0,10,2013
132,147.5206298828125,15.493342201001173,0.17994077503681183,11,2013
133,69.57648468017578,7.720117149932728,0.15462011098861694,11,2013
134,92.88111114501953,17.718188604569225,0.018201082944869995,11,2013
135,116.59512329101562,7.119843622233339,0.0,11,2013
136,64.52945709228516,4.731274010195515,0.0,11,2013
137,23.882707595825195,2.082068912789033,0.0,11,2013
138,4.641280651092529,0.8055710934234166,0.055980078876018524,12,2013
139,6.292531967163086,0.711482010172056,0.014215926639735699,12,2013
140,9.963475227355957,0.7807425518574894,0.0,12,2013
141,5.254428386688232,0.6884033290644264,0.0,12,2013
142,5.072145938873291,0.7154753236143432,0.0,12,2013
143,5.5003509521484375,0.9597021983050837,0.0,12,2013
144,8.961067199707031,1.1355163699189876,0.0,1,2014
145,20.056589126586914,1.385852058760803,0.0,1,2014
146,15.351093292236328,1.0519080134797083,0.0,1,2014
147,7.23114538192749,0.9911492582641988,0.0,1,2014
148,7.8993659019470215,1.0201018430032351,0.0,1,2014
149,13.052278518676758,1.452976228943138,0.0,1,2014
150,16.144031524658203,1.614397816033196,0.0,2,2014
151,45.753055572509766,3.3286008487640766,0.0,2,2014
152,47.888511657714844,2.723613319721918,0.0,2,2014
153,51.43429183959961,3.741485491317546,0.0,2,2014
154,49.50204086303711,2.401778612569885,0.0,2,2014
155,12.322184562683105,1.008040169402864,0.0,2,2014
156,77.47505187988281,5.539694642796427,0.0,3,2014
157,65.62896728515625,4.4479330141557325,0.0,3,2014
158,119.65222930908203,19.754226201917305,0.0,3,2014
159,38.094329833984375,4.767602138557145,0.0,3,2014
160,90.51915740966797,11.60475511406558,0.0,3,2014
161,127.36518859863281,12.90365153880171,0.03148239478468895,3,2014
162,86.26272583007812,17.7356077994522,0.0,4,2014
163,101.02913665771484,15.65199095806726,0.0,4,2014
164,69.78858947753906,10.819855603595894,0.0,4,2014
165,87.77818298339844,9.093481585502262,0.0013985877158120275,4,2014
166,73.15617370605469,8.89755712273713,0.15545010566711426,4,2014
167,69.06051635742188,17.97313932913382,0.37583181262016296,4,2014
168,80.78506469726562,18.03897109279404,0.1697351038455963,5,2014
169,110.59805297851562,28.085018067954397,0.23185443878173828,5,2014
170,87.10603332519531,20.750537629132232,0.003093566047027707,5,2014
171,88.7277603149414,17.141301945348825,0.0,5,2014
172,124.79627227783203,25.603254672431397,0.0,5,2014
173,123.70188903808594,17.332710937824988,0.0,5,2014
174,77.04676055908203,10.19176333783325,0.0,6,2014
175,76.30770111083984,9.831904795606516,0.0,6,2014
176,62.660587310791016,8.35395637632627,0.0,6,2014
177,79.66728973388672,11.779087236232215,0.0,6,2014
178,81.75982666015625,11.52095732569022,0.0,6,2014
179,60.024356842041016,10.012887910682867,0.0,6,2014
180,78.5021743774414,12.39730666650427,0.0,7,2014
181,102.98603057861328,19.350362666871998,0.0,7,2014
182,59.677879333496094,12.973347215412327,0.0,7,2014
183,82.08856964111328,16.229985387675026,0.0,7,2014
184,74.71222686767578,15.264182873812455,0.0,7,2014
185,158.126220703125,29.28324964925116,0.0,7,2014
186,100.44361877441406,19.050133104289632,0.0,8,2014
187,90.45842742919922,19.632707829767824,0.0,8,2014
188,90.14119720458984,15.434424951780553,0.0,8,2014
189,81.35466766357422,17.417185074032602,0.0,8,2014
190,94.79351043701172,22.79184638021285,0.0155164310708642,8,2014
191,152.27676391601562,33.749437012313436,0.031103333458304405,8,2014
192,80.16084289550781,17.669633830191046,0.0,9,2014
193,102.74041748046875,16.376407359956147,0.0,9,2014
194,133.46548461914062,22.820872823688426,0.0,9,2014
195,141.98260498046875,19.05604755395638,0.0,9,2014
196,125.0503158569336,16.877522705293625,0.0,9,2014
197,81.02499389648438,12.637035667543426,0.0,9,2014
198,115.08834838867188,31.013464891557856,0.06838072091341019,10,2014
199,128.2754669189453,29.726703653670995,0.0,10,2014
200,92.299072265625,12.395968879841133,0.0,10,2014
201,96.53687286376953,17.91824995029845,0.0,10,2014
202,49.95314407348633,8.501508887557774,0.0,10,2014
203,45.75550842285156,8.486953376309009,0.0,10,2014
204,25.66953468322754,2.312493825626632,0.15470345318317413,11,2014
205,52.33798599243164,3.6694018123009857,0.13959452509880066,11,2014
206,40.550601959228516,2.471024018187718,0.02447943203151226,11,2014
207,67.7218017578125,6.506933686642614,0.0,11,2014
208,80.32109832763672,8.873289202687355,0.0,11,2014
209,100.50680541992188,4.656903713902271,0.0,11,2014
210,27.163177490234375,1.8405582952295405,0.07110638916492462,12,2014
211,20.957611083984375,1.283472642201457,0.014012381434440613,12,2014
212,12.11173152923584,1.1403560721433856,0.0,12,2014
213,12.980350494384766,1.2349393341377373,0.0,12,2014
214,17.022415161132812,1.3117858853521203,0.0,12,2014
215,12.375741958618164,1.875479096452557,0.0,12,2014
216,12.882363319396973,1.401187628098952,0.0,1,2015
217,12.394936561584473,1.4220662411191376,0.0,1,2015
218,12.860550880432129,1.3585381315522624,0.0,1,2015
219,13.7302885055542,1.3555098113011834,0.0,1,2015
220,14.879080772399902,1.4093429061540044,0.0,1,2015
221,15.624038696289062,1.8424456960340114,0.0,1,2015
222,12.745720863342285,2.112588161546867,0.0,2,2015
223,21.833873748779297,2.4312149632038094,0.0,2,2015
224,11.960502624511719,1.590217349622374,0.0,2,2015
225,25.452739715576172,2.097807255382578,0.0,2,2015
226,34.95212936401367,1.865718367258317,0.0,2,2015
227,15.684029579162598,1.1122845803530255,0.0,2,2015
228,32.300140380859375,2.6478157881550315,0.0,3,2015
229,28.980390548706055,2.9028335117564557,0.0,3,2015
230,16.445709228515625,2.3825649308388765,0.0,3,2015
231,45.50893020629883,5.366227149314665,0.0,3,2015
232,71.72948455810547,11.20105090014331,0.0,3,2015
233,92.26387023925781,7.585803109586427,0.04184703901410103,3,2015
234,76.88099670410156,8.644474207336495,0.0,4,2015
235,120.373779296875,18.6252048969357,0.0,4,2015
236,80.34012603759766,10.836453540876187,0.0,4,2015
237,100.48570251464844,19.433030153805852,0.0013006726512685418,4,2015
238,109.79318237304688,10.73280304442342,0.2335427701473236,4,2015
239,100.29672241210938,16.862768314810687,0.2687641680240631,4,2015
240,114.3437728881836,24.992877928817368,0.5441656112670898,5,2015
241,122.86805725097656,27.13586811575754,0.10301660001277924,5,2015
242,68.67888641357422,12.144723811454352,0.00288179749622941,5,2015
243,48.8874626159668,7.802739792278073,0.0,5,2015
244,78.29411315917969,14.443950664041449,0.0,5,2015
245,104.06529235839844,21.515224164983337,0.0,5,2015
246,76.65348815917969,14.814084537858417,0.0,6,2015
247,113.55852508544922,12.176583983652439,0.0,6,2015
248,79.27235412597656,11.690457943939396,0.0,6,2015
249,94.15185546875,14.189846147111961,0.0,6,2015
250,78.32149505615234,12.694816548779073,0.0,6,2015
251,72.22303771972656,11.795970607869938,0.0,6,2015
252,93.839111328125,12.566803784016235,0.0,7,2015
253,73.9200439453125,10.5391106040296,0.0,7,2015
254,95.73611450195312,16.173373429551674,0.0,7,2015
255,108.37017059326172,15.870599236069738,0.0,7,2015
256,110.38954162597656,16.78507428572468,0.0,7,2015
257,114.40396881103516,23.794309507826885,0.0,7,2015
258,85.77666473388672,18.942306772427983,0.0,8,2015
259,91.43291473388672,18.775841372970902,0.0,8,2015
260,83.74380493164062,17.428103092627282,0.0,8,2015
261,115.97290802001953,22.507023274517724,0.0,8,2015
262,84.60543060302734,16.317583653495888,0.0155164310708642,8,2015
263,92.90186309814453,16.36789667936107,0.0352616012096405,8,2015
264,82.9729232788086,15.102405206969712,0.0,9,2015
265,107.947509765625,18.212838044383307,0.0,9,2015
266,124.61524963378906,16.932462958740278,0.0,9,2015
267,84.61128997802734,12.31721927128561,0.0,9,2015
268,94.93411254882812,12.973256650987532,0.0,9,2015
269,85.1591796875,13.347494613643399,0.0,9,2015
270,55.259639739990234,9.99575772292401,0.007363015320152044,10,2015
271,103.72026062011719,13.786673369770627,0.0,10,2015
272,70.34737396240234,11.62187681280439,0.0,10,2015
273,108.51879119873047,16.758017516622964,0.0,10,2015
274,109.30299377441406,12.762754674685644,0.0,10,2015
275,89.49842071533203,14.585639530490539,0.0,10,2015
276,41.925148010253906,6.508229857653903,0.14943815767765045,11,2015
277,90.44746398925781,13.893923277779807,0.21714423596858978,11,2015
278,59.95014190673828,9.798953295566477,0.021342644467949867,11,2015
279,52.70444107055664,3.8460844183716176,0.0,11,2015
280,26.789653778076172,1.7694055736229628,0.0,11,2015
281,82.88591003417969,4.53411479658424,0.0,11,2015
282,51.48329544067383,3.415166089165674,0.07319220155477524,12,2015
283,46.981292724609375,2.234866593764868,0.010789851658046246,12,2015
284,29.700210571289062,1.4432308324118432,0.0,12,2015
285,49.06299591064453,1.650849749372009,0.0,12,2015
286,23.172487258911133,1.5734699182228333,0.0,12,2015
287,57.933311462402344,2.705824903987063,0.0,12,2015
288,20.160404205322266,1.4984386979985687,0.0,1,2016
289,17.107107162475586,1.3144482814791696,0.0,1,2016
290,19.564916610717773,1.6154912889035427,0.0,1,2016
291,7.466158390045166,1.24996467028042,0.0,1,2016
292,5.414276599884033,1.0573377615500412,0.0,1,2016
293,27.004196166992188,2.0612844354774627,0.0,1,2016
294,7.720545291900635,1.4169191416904101,0.0,2,2016
295,11.74063777923584,1.6043538571756517,0.0,2,2016
296,9.47341537475586,1.636656679891664,0.0,2,2016
297,11.368874549865723,1.6225565557212351,0.0,2,2016
298,30.987625122070312,3.3575429418676848,0.0,2,2016
299,25.50755500793457,2.7666982464101406,0.0,2,2016
300,39.98502731323242,3.6257522280128316,0.0,3,2016
301,49.738128662109375,7.220986444632383,0.0,3,2016
302,31.09221649169922,2.568603595253346,0.0,3,2016
303,37.749916076660156,3.410027580217163,0.0,3,2016
304,27.8837833404541,3.3625376699505636,0.0,3,2016
305,40.085472106933594,3.851223832618925,0.028955385088920593,3,2016
306,127.9839096069336,17.578108948910636,0.0,4,2016
307,198.21795654296875,28.549951366070644,0.0,4,2016
308,127.55841064453125,19.784567591339652,0.0,4,2016
309,145.20286560058594,20.634915224782812,0.0015235223108902574,4,2016
310,89.64037322998047,18.48320411089883,0.2738330364227295,4,2016
311,168.514892578125,28.709273980162248,0.5565797090530396,4,2016
312,159.4293670654297,33.0635886555898,1.0836297273635864,5,2016
313,166.63946533203125,38.00505443609129,0.7694717645645142,5,2016
314,123.79264068603516,16.146949027645274,0.006295018829405308,5,2016
315,158.84510803222656,16.41434277379847,0.0,5,2016
316,97.93537902832031,9.179362986368066,0.0,5,2016
317,147.49412536621094,15.68975909402806,0.0,5,2016
318,76.87615966796875,12.647796193796115,0.0,6,2016
319,88.4460678100586,12.021865368350372,0.0,6,2016
320,113.61140441894531,13.108950096394546,0.0,6,2016
321,56.48245620727539,11.09126213983783,0.0,6,2016
322,54.72182083129883,12.16120022935051,0.0,6,2016
323,67.25621795654297,13.565397959776886,0.0,6,2016
324,100.83436584472656,16.255003611624705,0.0,7,2016
325,137.0005340576172,18.72281477914699,0.0,7,2016
326,116.41761779785156,23.048929380736286,0.0,7,2016
327,117.16751861572266,23.13648122787494,0.0,7,2016
328,105.55014038085938,21.732562053373496,0.0,7,2016
329,144.91876220703125,35.61866810947967,0.0,7,2016
330,83.79505920410156,19.519974927299668,0.0,8,2016
331,104.857421875,19.73914307883436,0.0,8,2016
332,118.97203826904297,21.277322457090147,0.0,8,2016
333,118.69070434570312,17.227207785392572,0.0,8,2016
334,92.73257446289062,20.60721034046192,0.015206749550998211,8,2016
335,117.80516815185547,22.54454754367786,0.034918736666440964,8,2016
336,43.66023254394531,8.579389167384138,0.0,9,2016
337,89.05439758300781,15.644881288859558,0.0,9,2016
338,85.73587036132812,11.81011841744501,0.0,9,2016
339,67.88265991210938,13.385789023929892,0.0,9,2016
340,67.67691802978516,10.15563810827755,0.0,9,2016
341,109.1267318725586,19.95201111030334,0.0,9,2016
342,48.80837631225586,8.722782975721756,0.006656533107161522,10,2016
343,80.72000122070312,9.848623467924618,0.0,10,2016
344,92.19659423828125,10.374012470078704,0.0,10,2016
345,66.49345397949219,9.770190467187813,0.0,10,2016
346,93.40034484863281,11.08684510166269,0.0,10,2016
347,75.87715148925781,9.597886391431418,0.0,10,2016
348,21.91396713256836,1.6960402818734854,0.1809287816286087,11,2016
349,49.243858337402344,4.677925593800711,0.1852535754442215,11,2016
350,8.148545265197754,1.4455275021239973,0.00813732948154211,11,2016
351,45.4605598449707,3.6659922138619923,0.0,11,2016
352,69.8663330078125,6.255691350310965,0.0,11,2016
353,73.13272094726562,7.240538269515868,0.0,11,2016
354,31.559846878051758,2.60151503559331,0.059073906391859055,12,2016
355,6.9248504638671875,0.8459715908010281,0.01394684612751007,12,2016
356,14.342145919799805,1.035228377871235,0.0,12,2016
357,7.580185890197754,1.0109809765168114,0.0,12,2016
358,11.098849296569824,1.1193810815151224,0.0,12,2016
359,8.353177070617676,1.280656763425604,0.0,12,2016
360,5.031416416168213,0.889525419311246,0.0,1,2017
361,5.813684463500977,0.9208575023518593,0.0,1,2017
362,5.902105331420898,0.8454251516635397,0.0,1,2017
363,5.893903732299805,0.8774987649239221,0.0,1,2017
364,5.807635307312012,0.88520743598375,0.0,1,2017
365,21.276161193847656,1.6826889598131385,0.0,1,2017
366,17.566726684570312,1.8324083716897017,0.0,2,2017
367,30.480632781982422,2.0967172603397852,0.0,2,2017
368,54.627899169921875,4.3161889979516666,0.0,2,2017
369,109.89604187011719,11.099030690042877,0.0,2,2017
370,49.87659454345703,3.960380080664186,0.0,2,2017
371,54.27427291870117,2.9247022115283468,0.0,2,2017
372,20.70833969116211,4.071850320979361,0.0,3,2017
373,20.98625946044922,3.001952683641975,0.0,3,2017
374,28.828153610229492,2.880449077416606,0.0,3,2017
375,65.170654296875,5.581936054408913,0.0,3,2017
376,69.61563873291016,9.747874171961525,0.0,3,2017
377,74.66259002685547,12.217824848064849,0.04322177171707153,3,2017
378,60.92605209350586,7.943019812182527,0.0,4,2017
379,46.30849075317383,5.098920150535969,0.0,4,2017
380,36.2633171081543,4.564489041061861,0.0,4,2017
381,89.66675567626953,13.084791045379683,0.0012697665952146053,4,2017
382,83.0722427368164,11.506376119298842,0.0704491063952446,4,2017
383,106.04964447021484,20.72820429997948,0.5202618837356567,4,2017
384,114.27391052246094,23.030828085489365,1.516471266746521,5,2017
385,61.0634765625,12.096924042331821,0.13550403714179993,5,2017
386,118.63712310791016,26.16749339014103,0.027848105877637863,5,2017
387,80.51427459716797,20.41171873717717,0.0,5,2017
388,60.10878372192383,12.146900766803551,0.0,5,2017
389,70.01780700683594,16.369395543766636,0.0,5,2017
390,68.42595672607422,10.601415962649666,0.0,6,2017
391,77.14909362792969,10.998179144713442,0.0,6,2017
392,86.85630798339844,11.294997477486605,0.0,6,2017
393,105.07164001464844,12.094795507577574,0.0,6,2017
394,90.41046142578125,13.257550015576271,0.0,6,2017
395,91.6426773071289,13.454071896048939,0.0,6,2017
396,92.72368621826172,17.46584418373846,0.0,7,2017
397,146.70245361328125,29.137714883058603,0.0,7,2017
398,94.44819641113281,19.861459511028638,0.0,7,2017
399,117.91915130615234,22.6222848203509,0.0,7,2017
400,87.33323669433594,17.926471657375284,0.0,7,2017
401,137.58547973632812,25.51468611033201,0.0,7,2017
402,102.87056732177734,21.04875012375198,0.0,8,2017
403,121.01551818847656,26.619146837668673,0.0,8,2017
404,109.762939453125,22.18454056208518,0.0,8,2017
405,110.02454376220703,25.134569899471202,0.0,8,2017
406,123.40890502929688,24.366995067550032,0.014997607097029686,8,2017
407,189.07473754882812,40.42104784729579,0.03380946069955826,8,2017
408,97.84185791015625,21.79933110548488,0.0,9,2017
409,93.6125717163086,18.668104341580115,0.0,9,2017
410,97.37276458740234,19.796419007551247,0.0,9,2017
411,107.16262817382812,21.47462416937658,0.0,9,2017
412,112.37091827392578,17.766736625811397,0.0,9,2017
413,130.12075805664062,18.648167970946208,0.0,9,2017
414,66.50824737548828,8.846476446578277,0.016454990953207016,10,2017
415,70.03009796142578,9.1694181360345,0.0,10,2017
416,101.71068572998047,19.819580023884342,0.0,10,2017
417,101.75025939941406,17.63403289879717,0.0,10,2017
418,75.29315185546875,9.120536497932497,0.0,10,2017
419,124.88599395751953,19.367581576752308,0.0,10,2017
420,91.99919128417969,14.701136086973587,0.1552477926015854,11,2017
421,46.154911041259766,3.3243915333789835,0.17416007816791534,11,2017
422,115.36478424072266,4.774380554912697,0.013881392776966095,11,2017
423,18.62188720703125,2.0782633537448936,0.0,11,2017
424,44.13172912597656,2.6099094888297585,0.0,11,2017
425,18.189090728759766,2.328485458349939,0.0,11,2017
426,9.696858406066895,0.7933386083304469,0.07110638916492462,12,2017
427,8.111387252807617,0.7762396821046487,0.013915532268583775,12,2017
428,6.230957508087158,0.5958546437991652,0.0,12,2017
429,3.348191976547241,0.6152007927628468,0.0,12,2017
430,3.236811399459839,0.6770360444438625,0.0,12,2017
431,4.616958141326904,0.9671498418891216,0.0,12,2017
432,7.230191707611084,0.9427159317973572,0.0,1,2018
433,5.544088840484619,0.9556420215568492,0.0,1,2018
434,4.5790181159973145,0.8500211837244642,0.0,1,2018
435,5.35399055480957,0.9065419474853336,0.0,1,2018
436,7.970032691955566,0.9461833163334815,0.0,1,2018
437,7.539021968841553,1.3383196230624215,0.0,1,2018
438,13.288924217224121,1.939541087432789,0.0,2,2018
439,7.894300937652588,1.4804449264889405,0.0,2,2018
440,25.052980422973633,2.387240412580334,0.0,2,2018
441,88.07056427001953,7.1654758197672335,0.0,2,2018
442,111.38745880126953,9.999091425413287,0.0,2,2018
443,46.77167892456055,3.856626763596167,0.0,2,2018
444,74.10560607910156,10.472150369867702,0.0,3,2018
445,37.623321533203125,3.2218687697686494,0.0,3,2018
446,92.20851135253906,10.13380682303012,0.0,3,2018
447,68.42961120605469,5.402221498808739,0.0,3,2018
448,46.8410530090332,6.204223759773759,0.0,3,2018
449,74.48513793945312,8.645899686780313,0.0430634431540966,3,2018
450,153.53619384765625,24.075755713832624,0.0,4,2018
451,134.20872497558594,24.83607590930507,0.0,4,2018
452,123.67372131347656,24.287563787601748,0.0,4,2018
453,166.4027099609375,35.58275695560961,0.0013864119537174702,4,2018
454,86.59098052978516,19.87719494054674,0.22169460356235504,4,2018
455,108.37364959716797,15.665783024951166,0.25533327460289,4,2018
456,62.303321838378906,12.950739461692924,0.2984105944633484,5,2018
457,128.36476135253906,17.047996218760822,0.13907089829444885,5,2018
458,119.0229721069336,16.770788331388612,0.004935980774462223,5,2018
459,158.0497589111328,24.509220578158484,0.0,5,2018
460,112.85844421386719,14.305384091813236,0.0,5,2018
461,104.52603912353516,19.860668670767943,0.0,5,2018
462,107.77963256835938,17.648378123633005,0.0,6,2018
463,72.6285400390625,13.285032512426351,0.0,6,2018
464,78.37022399902344,16.12332499914906,0.0,6,2018
465,81.57937622070312,13.11443621187517,0.0,6,2018
466,73.0571060180664,14.591840922401534,0.0,6,2018
467,86.92924499511719,19.652862295613005,0.0,6,2018
468,118.68305206298828,20.814827115991637,0.0,7,2018
469,123.59420776367188,23.025843799886356,0.0,7,2018
470,106.82144165039062,18.33656609719877,0.0,7,2018
471,146.0464324951172,15.830639807430389,0.0,7,2018
472,68.19078826904297,12.34796555766042,0.0,7,2018
473,106.81336975097656,21.11401127251631,0.0,7,2018
474,112.75792694091797,22.036778452596806,0.0,8,2018
475,70.8854751586914,17.105428490353557,0.0,8,2018
476,91.23209381103516,19.224777165907145,0.0,8,2018
477,80.55292510986328,16.239344740983135,0.0,8,2018
478,100.1889877319336,24.34185242211173,0.01516419555991888,8,2018
479,127.32202911376953,37.32234145150564,0.03261836990714073,8,2018
480,79.3562240600586,16.14310259815119,0.0,9,2018
481,95.0781478881836,14.796847702597452,0.0,9,2018
482,84.64995574951172,16.709195943790338,0.0,9,2018
483,77.1077651977539,15.292383052035872,0.0,9,2018
484,61.40601348876953,9.789103878391495,0.0,9,2018
485,105.72957611083984,12.92524727431543,0.0,9,2018
486,64.78966522216797,8.428748483077227,0.015959203243255615,10,2018
487,49.601539611816406,7.838765647710896,0.0,10,2018
488,56.77138137817383,9.413971789374054,0.0,10,2018
489,91.48689270019531,21.77557028481887,0.0,10,2018
490,73.86752319335938,11.617733946646338,0.0,10,2018
491,65.59344482421875,11.370164856481747,0.0,10,2018
492,61.290069580078125,5.570232903942484,0.31721654534339905,11,2018
493,66.9989242553711,6.574824124897696,0.28399962186813354,11,2018
494,79.65100860595703,8.361418607682353,0.022687828168272972,11,2018
495,61.45530700683594,6.937725568227336,0.0,11,2018
496,26.019628524780273,2.8197297207329033,0.0,11,2018
497,42.86483383178711,6.011959026819235,0.0,11,2018
498,14.951301574707031,1.269978405236952,0.06341017782688141,12,2018
499,18.63080406188965,1.6560707674705355,0.014036036096513271,12,2018
500,33.64805603027344,1.5846238503895398,0.0,12,2018
501,6.295738697052002,0.7028625858222228,0.0,12,2018
502,11.329802513122559,0.7835878208326011,0.0,12,2018
503,26.919172286987305,1.7246086289011204,0.0,12,2018
504,4.815972328186035,0.8798368663099176,0.0,1,2019
505,7.909709453582764,0.9087493896087747,0.0,1,2019
506,4.918310642242432,0.8127846866417309,0.0,1,2019
507,4.976118564605713,0.8335136502105445,0.0,1,2019
508,4.773897171020508,0.856447326729454,0.0,1,2019
509,8.51606559753418,1.2119484645880987,0.0,1,2019
510,6.951121807098389,1.1830067742780872,0.0,2,2019
511,16.169658660888672,1.4083487743788894,0.0,2,2019
512,30.873008728027344,2.916312113712027,0.0,2,2019
513,49.44122314453125,2.808374732389392,0.0,2,2019
514,70.01262664794922,4.766926775608653,0.0,2,2019
515,5.100165843963623,0.8565143667777974,0.0,2,2019
516,58.040191650390625,5.8862178099960625,0.0,3,2019
517,95.99808502197266,7.793884383717108,0.0,3,2019
518,54.76527404785156,3.363453707970101,0.0,3,2019
519,57.867916107177734,3.9324099333829334,0.0,3,2019
520,59.38621520996094,3.966644835696721,0.0,3,2019
521,81.4946060180664,10.573288861432221,0.04381657764315605,3,2019
522,67.76070404052734,11.405335803426144,0.0,4,2019
523,60.822078704833984,8.784073052510184,0.0,4,2019
524,90.85592651367188,14.96960100780178,0.0,4,2019
525,80.49542236328125,12.72102567204843,0.0014777983305975795,4,2019
526,91.10663604736328,17.091018270548762,0.10785062611103058,4,2019
527,71.20652770996094,11.195866873074717,0.10757438093423843,4,2019
528,52.78959274291992,7.216276480266757,0.3117569386959076,5,2019
529,67.44116973876953,12.663676935285386,0.13060252368450165,5,2019
530,111.08908081054688,23.359820734210405,0.00479374872520566,5,2019
531,124.0589599609375,18.200500701771322,0.0,5,2019
532,108.57946014404297,23.349022640691672,0.0,5,2019
533,151.32958984375,21.662537009888993,0.0,5,2019
534,110.69349670410156,22.714778969593148,0.0,6,2019
535,89.11848449707031,18.46443401628747,0.0,6,2019
536,100.4308090209961,14.797583457886631,0.0,6,2019
537,89.42320251464844,16.605826613272825,0.0,6,2019
538,83.01766967773438,14.626802012227836,0.0,6,2019
539,121.95191955566406,20.856938711103382,0.0,6,2019
540,97.689453125,24.277264403886807,0.0,7,2019
541,86.4740219116211,19.82601869599661,0.0,7,2019
542,90.7499771118164,20.35371212238514,0.0,7,2019
543,89.77871704101562,17.194586685068497,0.0,7,2019
544,108.87811279296875,19.825571360562687,0.0,7,2019
545,139.13031005859375,31.11882772150438,0.0,7,2019
546,99.2726821899414,19.62634635498792,0.0,8,2019
547,83.30134582519531,19.67125433992262,0.0,8,2019
548,101.4503173828125,20.006740740166666,0.0,8,2019
549,93.69023132324219,21.163238508577074,0.0,8,2019
550,146.65127563476562,24.37717656904111,0.01521253865212202,8,2019
551,118.62666320800781,27.863932026321717,0.033335547894239426,8,2019
552,81.54000854492188,18.792445774492418,0.0,9,2019
553,103.25048065185547,18.518373080186084,0.0,9,2019
554,130.51856994628906,19.61313990040846,0.0,9,2019
555,92.09669494628906,16.60184287909916,0.0,9,2019
556,84.11074829101562,13.686405922768925,0.0,9,2019
557,120.96556091308594,24.194160183033002,0.0,9,2019
558,148.59225463867188,40.17871407374864,0.057485729455947876,10,2019
559,157.27720642089844,31.12839990954928,0.0,10,2019
560,145.52352905273438,37.46316783139187,0.0,10,2019
561,109.51251220703125,25.20334993329648,0.0,10,2019
562,50.30415344238281,7.646542350391701,0.0,10,2019
563,80.36165618896484,14.808378297099507,0.0,10,2019
564,79.18666076660156,9.20499804914807,0.31155282258987427,11,2019
565,101.96797943115234,17.064333911279,0.24608072638511658,11,2019
566,80.18387603759766,5.138532735995581,0.02902957797050476,11,2019
567,105.9881820678711,10.23517814369421,0.0,11,2019
568,134.6421356201172,26.71989834050976,0.0,11,2019
569,72.64521789550781,10.506874813123739,0.0,11,2019
570,36.52543640136719,2.041609838821127,0.07321955263614655,12,2019
571,41.37989807128906,3.9881558804228994,0.01406172476708889,12,2019
572,105.11335754394531,8.139503875250986,0.0,12,2019
573,31.68110466003418,1.9505878423288177,0.0,12,2019
574,44.92305374145508,1.974147291878086,0.0,12,2019
575,53.09421920776367,2.3536370278754655,0.0,12,2019
576,26.844192504882812,2.152989578819458,0.0,1,2020
577,38.07235336303711,2.219357585572228,0.0,1,2020
578,31.205808639526367,1.5851997825261728,0.0,1,2020
579,8.272632598876953,1.0673940933606147,0.0,1,2020
580,15.10871410369873,1.6683811883338822,0.0,1,2020
581,94.8908920288086,4.844012873217169,0.0,1,2020
582,49.77629089355469,2.7004567399477217,0.0,2,2020
583,11.858118057250977,1.4142200895889354,0.0,2,2020
584,47.58756637573242,3.1960120403709347,0.0,2,2020
585,62.6119270324707,3.084354339500055,0.0,2,2020
586,43.08842849731445,2.271759066860315,0.0,2,2020
587,36.030548095703125,2.1919641030942576,0.0,2,2020
588,64.5955810546875,4.190366679382357,0.0,3,2020
589,138.16830444335938,8.941225929586155,0.0,3,2020
590,81.05181121826172,8.304740543655942,0.0,3,2020
591,85.6114501953125,11.581532906520707,0.0,3,2020
592,73.160888671875,12.432454081796317,0.0,3,2020
593,76.7352523803711,12.92004343795487,0.020628323778510094,3,2020
594,48.87404251098633,6.159013849644064,0.0,4,2020
595,85.53044128417969,7.12623363724964,0.0,4,2020
596,96.73487091064453,18.175284280709885,0.0,4,2020
597,312.87542724609375,33.40310998918279,0.0021528643555939198,4,2020
598,185.171875,31.923228311941994,0.4015290439128876,4,2020
599,185.02320861816406,31.14649053159071,0.304452508687973,4,2020
600,126.5353775024414,21.36378212118261,0.6988557577133179,5,2020
601,100.56683349609375,15.51770882382862,0.05508321523666382,5,2020
602,46.215049743652344,8.537382479973452,0.00233625341206789,5,2020
603,77.70761108398438,11.392781784648765,0.0,5,2020
604,113.72075653076172,20.343629126287347,0.0,5,2020
605,111.77544403076172,17.81466112983512,0.0,5,2020
606,99.46311950683594,11.700901272908645,0.0,6,2020
607,63.42215347290039,12.42139669091164,0.0,6,2020
608,82.47982788085938,14.498787455963306,0.0,6,2020
609,76.54702758789062,12.489607806823393,0.0,6,2020
610,100.73697662353516,19.676983203742413,0.0,6,2020
611,56.171321868896484,10.383764791027632,0.0,6,2020
612,127.83926391601562,25.033058072485325,0.0,7,2020
613,92.70085144042969,20.159348585522572,0.0,7,2020
614,89.71294403076172,18.54329956598219,0.0,7,2020
615,109.36409759521484,23.86115147444836,0.0,7,2020
616,109.0482406616211,21.282027213727023,0.0,7,2020
617,115.23319244384766,27.933830740102042,0.0,7,2020
618,120.32463073730469,21.341521175351353,0.0,8,2020
619,128.1697540283203,22.204154945150055,0.0,8,2020
620,117.74835205078125,25.22729053559314,0.0,8,2020
621,106.44861602783203,26.38548947444033,0.0,8,2020
622,94.66785430908203,21.985547578536522,0.01492130197584629,8,2020
623,185.33143615722656,41.494897332494375,0.03031989000737667,8,2020
624,98.43428802490234,19.53375837570766,0.0,9,2020
625,134.8189697265625,17.386959355560283,0.0,9,2020
626,131.3174285888672,16.518561853102092,0.0,9,2020
627,113.93054962158203,20.029207368463094,0.0,9,2020
628,58.3488883972168,11.240256756621864,0.0,9,2020
629,106.81268310546875,22.81366496036909,0.0,9,2020
630,109.50543212890625,16.27627804145679,0.10444076359272003,10,2020
631,55.506553649902344,6.971757301834691,0.0,10,2020
632,103.0365219116211,15.255605227817329,0.0,10,2020
633,70.94780731201172,9.785732707514699,0.0,10,2020
634,70.4732894897461,7.144870095154769,0.0,10,2020
635,115.21082305908203,12.267823441676118,0.0,10,2020
636,32.10593795776367,3.8430036450322747,0.2137596756219864,11,2020
637,64.41529083251953,4.85426219299201,0.1798069030046463,11,2020
638,18.81951332092285,1.4815062843833466,0.019656658172607422,11,2020
639,11.265637397766113,1.481356523282997,0.0,11,2020
640,42.09172821044922,2.396898457348424,0.0,11,2020
641,93.32533264160156,6.668813935366147,0.0,11,2020
642,72.27776336669922,2.1846381297017046,0.07178545743227005,12,2020
643,24.077537536621094,1.4354266293920268,0.013786308467388153,12,2020
644,6.705379486083984,0.8548504191229802,0.0,12,2020
645,10.273725509643555,0.9398641568198716,0.0,12,2020
646,28.214031219482422,1.4204672010084094,0.0,12,2020
647,36.388092041015625,2.129457944577104,0.0,12,2020
648,19.428905487060547,1.234714512333866,0.0,1,2021
649,14.233052253723145,1.128948401287504,0.0,1,2021
650,6.359168529510498,0.8841662165810374,0.0,1,2021
651,17.818832397460938,0.9936606717683064,0.0,1,2021
652,15.108490943908691,1.1120626172102919,0.0,1,2021
653,20.088586807250977,1.7109829612062148,0.0,1,2021
654,8.797613143920898,1.5213910151589416,0.0,2,2021
655,10.092785835266113,1.7104199270320666,0.0,2,2021
656,11.19153881072998,1.7943602585327751,0.0,2,2021
657,36.80231475830078,2.574111671664523,0.0,2,2021
658,55.711181640625,4.658608313165866,0.0,2,2021
659,14.59355640411377,1.0836282369725598,0.0,2,2021
660,32.10239028930664,2.3710458543243123,0.0,3,2021
661,23.341922760009766,2.171889304902489,0.0,3,2021
662,56.42981719970703,3.1613348249716897,0.0,3,2021
663,63.88740158081055,6.323973612628254,0.0,3,2021
664,41.867820739746094,1.8111410686915823,0.0,3,2021
665,39.28742599487305,4.365950098623908,0.04400218650698662,3,2021
666,96.8302001953125,12.347699169232204,0.0,4,2021
667,63.194862365722656,8.295706625584597,0.0,4,2021
668,111.89881896972656,11.67300695271953,0.0,4,2021
669,84.56362915039062,11.072735279227906,0.0008894058992154896,4,2021
670,151.63980102539062,21.057611119749314,0.23015719652175903,4,2021
671,141.934326171875,33.58518599206029,0.6567010879516602,4,2021
672,101.42305755615234,29.029143928574996,1.4242757558822632,5,2021
673,191.01708984375,46.65720657928725,0.3735533654689789,5,2021
674,121.81596374511719,18.898461978482853,0.0038896396290510893,5,2021
675,61.90563201904297,9.830393384284314,0.0,5,2021
676,41.179832458496094,5.251245899830214,0.0,5,2021
677,47.66520309448242,6.5711118902094325,0.0,5,2021
678,64.33130645751953,8.02741867743463,0.0,6,2021
679,68.51042175292969,8.578140599792816,0.0,6,2021
680,89.20423889160156,11.173161662803047,0.0,6,2021
681,96.61042785644531,12.358783951440953,0.0,6,2021
682,83.96701049804688,10.387235084905607,0.0,6,2021
683,115.09552764892578,18.177385879863483,0.0,6,2021
684,150.23301696777344,21.50937429951356,0.0,7,2021
685,152.5830841064453,27.60541407221416,0.0,7,2021
686,161.15994262695312,28.90324398635733,0.0,7,2021
687,112.57752227783203,21.64523483258885,0.0,7,2021
688,85.60538482666016,15.913718207327397,0.0,7,2021
689,160.20748901367188,25.641983271978063,0.0,7,2021
690,130.14892578125,23.72815367870446,0.0,8,2021
691,104.79364013671875,21.49927951011114,0.0,8,2021
692,119.26420593261719,23.682702686659802,0.0,8,2021
693,80.53753662109375,14.935903279439755,0.0,8,2021
694,90.02397155761719,22.853212748137967,0.015213485807180405,8,2021
695,115.32127380371094,28.905337855939898,0.03373144567012787,8,2021
696,128.23907470703125,20.23685655159407,0.0,9,2021
697,98.18120574951172,16.269756390205206,0.0,9,2021
698,86.0796890258789,17.20652800669951,0.0,9,2021
699,102.69020080566406,17.608348730697266,0.0,9,2021
700,126.62712860107422,18.981390052382423,0.0,9,2021
701,73.99734497070312,11.357402796503605,0.0,9,2021
702,88.63875579833984,21.01785060263421,0.06908782571554184,10,2021
703,98.04122161865234,16.319893845649545,0.0,10,2021
704,53.35634994506836,11.234330387301476,0.0,10,2021
705,40.655914306640625,6.208043296646372,0.0,10,2021
706,25.97213363647461,5.49226307131509,0.0,10,2021
707,63.78977584838867,10.430798919089442,0.0,10,2021
708,37.48884963989258,3.637124689458298,0.16568802297115326,11,2021
709,55.0301513671875,4.971857138119006,0.16180196404457092,11,2021
710,34.62077331542969,3.079457501391184,0.01673354208469391,11,2021
711,26.386287689208984,2.784804807949807,0.0,11,2021
712,34.83808898925781,2.6223976324364893,0.0,11,2021
713,55.06191635131836,3.724216489597511,0.0,11,2021
714,19.83883285522461,1.258056408000807,0.0717528834939003,12,2021
715,7.676991939544678,0.833788076855637,0.013780052773654461,12,2021
716,9.347166061401367,0.812025994396033,0.0,12,2021
717,40.36572265625,2.135795185752962,0.0,12,2021
718,43.5003547668457,2.0934536507570476,0.0,12,2021
719,43.64289855957031,1.9660168578496189,0.0,12,2021
720,30.99519920349121,2.222586795337271,0.0,1,2022
721,35.362430572509766,1.9493417927933883,0.0,1,2022
722,18.098064422607422,1.6769541626904805,0.0,1,2022
723,63.46706771850586,5.9553802323955125,0.0,1,2022
724,17.779434204101562,1.6618310177496676,0.0,1,2022
725,11.054360389709473,1.7162916169558806,0.0,1,2022
726,12.756675720214844,1.708947461636738,0.0,2,2022
727,13.380989074707031,1.3903845051203751,0.0,2,2022
728,20.52967071533203,1.6594194749611473,0.0,2,2022
729,28.07986068725586,1.8956930779621215,0.0,2,2022
730,24.325536727905273,1.8074579890134221,0.0,2,2022
731,33.91598129272461,2.2907454595547683,0.0,2,2022
732,44.354366302490234,2.8651718948867178,0.0,3,2022
733,33.9299430847168,3.394231923023597,0.0,3,2022
734,39.357242584228516,3.3467736410110778,0.0,3,2022
735,42.21564483642578,4.659575842176489,0.0,3,2022
736,60.78153610229492,8.712936149098972,0.0,3,2022
737,21.53097152709961,3.522865518816338,0.03603046387434006,3,2022
738,29.163637161254883,5.347014559362962,0.0,4,2022
739,40.116294860839844,7.358194856722922,0.0,4,2022
740,104.24908447265625,14.444085688113148,0.0,4,2022
741,100.95630645751953,13.668780580350933,0.0015600317856296897,4,2022
742,88.870849609375,18.569033403344623,0.12960466742515564,4,2022
743,136.57308959960938,15.925832687995594,0.4093860685825348,4,2022
744,113.14720153808594,16.94992410353431,0.19159983098506927,5,2022
745,65.32612609863281,8.042814642553829,0.10131091624498367,5,2022
746,91.63775634765625,6.2768742419348325,0.003403603797778487,5,2022
747,38.2027473449707,4.845239825354507,0.0,5,2022
748,71.84935760498047,9.700514416684507,0.0,5,2022
749,131.5092315673828,16.29917989190435,0.0,5,2022
750,80.23668670654297,11.270206331279446,0.0,6,2022
751,71.16282653808594,13.932834610525697,0.0,6,2022
752,84.2083969116211,12.592901352264949,0.0,6,2022
753,142.5332794189453,17.320854814468333,0.0,6,2022
754,85.32936096191406,17.918768574593052,0.0,6,2022
755,75.83552551269531,14.741401066310699,0.0,6,2022
756,92.98592376708984,16.814294517915535,0.0,7,2022
757,121.62708282470703,20.443144669482265,0.0,7,2022
758,60.96084213256836,12.484983218841423,0.0,7,2022
759,107.57182312011719,19.6090655597419,0.0,7,2022
760,110.30632781982422,16.45401373557361,0.0,7,2022
761,226.96981811523438,37.3491789157562,0.0,7,2022
762,140.58014583587646,15.18103264899499,0.0,1,2022
763,84.18343448638916,10.755307830036058,2.3093574275101503e-10,2,2022
764,162.00280475616455,26.50951474023567,0.0482865404337644,3,2022
765,295.9675874710083,75.30464568314545,1.4421551441773772,4,2022
766,370.2298831939697,62.130236690294126,0.4537441781722009,5,2022
767,456.48368072509766,87.7805068906802,0.3634027168154716,6,2022
768,624.4698753356934,123.16203964741196,0.0505647417157888,7,2022
